depth,L2_distance
1,1.286105781322947
2,0.6390855498666957
