depth,L2_distance
1,1.0278576598887799
2,0.56098151421444
