depth,L2_distance
1,1.394382713273424
2,0.35925720813063305
