depth,L2_distance
1,1.0308281883313608
2,0.6163043429912852
