depth,L2_distance
1,1.0034611343613364
2,0.5429357398405171
